ipv4,ipv6,id
126.140.166.31,e5e7:e815:e7b9:8a96:c56c:2dbe:43ff:d714,34
163.250.33.190,4f6:523e:ed41:4d00:7c04:28df:51a1:f7de,21
227.141.208.128,1e8c:cbb3:5e28:522c:8838:9799:7375:d39e,70
202.121.208.221,30c8:9ee7:5a8c:cfa2:d6c6:90b2:104c:fa95,64
251.182.178.244,d20a:ebaf:e301:b380:94c6:55dc:ea5f:43f8,74
134.189.169.152,1105:c734:4115:5b1b:9f62:a5a3:652:157d,98
141.206.64.250,d28f:e1c3:5797:6803:edd7:716a:dea6:70a5,77
26.37.49.190,7bb8:905a:23f6:4f3e:56cd:5a57:9a68:d300,31
171.43.146.53,7152:e42d:bf67:afe8:9384:e3c6:c097:4551,49
114.15.227.152,2cf7:4022:dbe8:ee99:34de:6ddc:bb92:b71e,34
146.239.81.228,6b08:537e:94a6:d78b:fd4d:3adb:4bfc:2efb,87
255.114.179.67,270b:971a:7965:6ee9:964a:7069:1c70:99d3,10
35.98.77.190,fc49:1b5b:61:a65d:19e0:2932:eb77:66b3,16
121.242.113.161,4a29:69a4:c470:76d0:856b:82c:ecb2:66c4,50
58.101.49.194,49da:a02b:7b32:313c:8f94:c72:9535:743a,62
175.204.183.183,e2a5:b119:b2a0:b0b6:638b:f196:a4c6:7e8e,45
37.12.57.147,60be:62cd:a920:246c:5c0f:c5d:54ad:e16b,42
200.62.99.103,1d3a:4f74:1770:99c7:8357:fa2c:30a2:17cb,81
17.130.255.199,c8a7:f476:9c22:3bfb:671f:85ab:2dc5:54d6,59
164.166.218.76,2461:f10b:1d22:13ce:577b:cb77:cc2a:f6f9,41
140.213.77.95,73c9:7fa8:61e3:5d65:f972:ada3:e3cc:7c62,44
155.226.66.176,c733:eed4:20ac:acb9:9905:219c:c564:665,50
129.63.184.190,3705:fcb6:53b8:3c4e:55ad:a371:a41a:7037,83
58.95.246.210,15ca:abe6:75d6:fd95:dea8:9400:6706:a708,88
127.50.236.5,b20c:a189:b92:7e50:632a:c0ec:d33d:523a,14
197.233.114.136,b504:e17a:5ed3:449a:2e64:df77:51d5:ca17,78
163.48.104.148,ca9a:197b:3b25:bb83:48d:a85b:ba3b:c395,88
55.48.112.240,8312:dd24:7874:9b51:3f31:72fe:5e54:60e3,17
68.57.104.156,c9ff:3de2:3d4e:4556:dadf:92bf:827c:4dcf,97
206.117.179.69,6d12:67b4:7a28:8d06:1e58:ddd0:b9ff:de42,84
87.102.47.106,604a:15f4:332c:d4b9:54b3:6658:a408:42bf,40
79.211.42.62,4f2a:fb9e:c8a0:101e:66f:70b1:14a7:dc87,25
231.96.3.107,503c:aa34:36c9:da90:2e2c:6a0c:352b:36e2,75
192.36.214.77,42f7:f5fb:c269:f718:93e5:d0ac:e912:b95d,58
254.170.110.194,5332:cbb3:85b4:2593:a35:4533:517b:9701,21
142.251.134.238,c620:b357:88f1:1fa1:4bcf:970e:6037:9aba,12
58.128.51.172,4fee:a420:32b1:96c3:b866:ef:2e53:f19d,39
148.62.236.44,7f05:5ae2:d84b:94ba:3927:fb6:cc7c:e106,37
114.225.99.91,d09e:7089:5f26:b281:636a:22b3:bf99:fb00,64
2.66.219.247,81c8:5be0:7c04:8c8c:8e1f:507f:af47:4d5f,85
34.120.36.103,f4c8:f439:d5c7:72d3:e2d8:7638:557f:b7ba,75
242.132.21.102,40a3:1784:f61c:381:9479:e2ba:de7c:81d6,54
206.245.203.205,431:8f96:d271:ba0e:fd2e:ded6:183b:5fbf,93
150.97.0.216,872b:1f81:2238:47bb:ff54:41e:aec0:98c9,40
97.6.59.58,c837:bc87:1177:4598:d6f1:618f:53b:b482,99
15.57.245.237,261f:dd9e:6f01:5f4f:61f5:a801:8738:27e2,20
192.172.239.90,5f2a:6c2d:825c:f9bf:fbc9:663b:24d3:2cdf,49
129.39.203.61,b13c:d503:b2c4:e3de:ff60:fe8:3379:fa81,63
7.46.60.172,bab9:c6da:c269:b1c5:ceee:8c3f:b79e:d6b3,23
100.135.81.111,20b8:a83f:c77d:9322:572b:5169:456b:cf85,86
3.220.109.179,bcd5:50d7:7932:3f7b:84fb:3480:3c85:3120,25
132.222.218.192,510b:f3c4:1414:5b78:f60b:2d29:83de:df71,55
146.45.227.190,ad89:c26a:3d87:ebfb:b7da:c267:bc0c:be55,45
24.84.25.62,b0b6:b4aa:2e69:bbbe:ef75:e049:c838:3b97,81
44.239.4.159,23f8:91b5:8619:30d9:6190:5ecc:b976:9332,63
64.135.114.11,e5f5:5f11:800c:77e0:9f05:192f:c675:d0b4,22
66.126.250.39,abb5:4bb2:fb2a:4786:3c65:19d8:4370:cac0,47
61.178.39.154,7502:a8af:9066:e634:8319:49b:b954:9044,66
207.67.26.249,bc2d:c3e6:5cea:5:64b9:37be:21f5:507f,46
138.181.159.32,9848:926:4c68:bb7e:60f7:fb08:bb22:4de8,77
48.61.90.61,8a4f:9c5:17f5:203b:b702:642c:4208:c65f,19
87.245.38.150,397b:9e1f:1930:182f:de25:770c:4589:89c4,81
185.238.58.125,4ca4:b771:c0a8:15ae:190d:f686:2bbe:908b,80
140.155.105.90,6bba:54d4:c399:10e0:74a7:d3d4:6349:61e2,1
109.163.82.26,17a5:c4b0:43e8:23a2:b1dc:370e:1dad:d932,33
250.189.209.84,fd6b:99:4d06:ce2d:acd3:e535:6fe5:7abe,21
96.31.30.124,17c1:2cf2:9a76:75c6:77d5:3c8b:c63e:e0ee,13
23.165.71.200,64b9:49d5:7b8c:bbf9:39fb:dfa2:cd7f:4558,75
210.139.194.201,a37b:7918:4f0c:5abf:9d38:59af:766a:306e,97
128.73.15.40,f6d8:8b21:d486:6f74:96f8:709:9f04:d8ba,18
196.204.136.85,92e3:ae1f:755e:2063:b2c5:e1ae:aad2:36b8,27
115.51.66.165,1db2:5841:e72c:8691:be78:3633:eac6:c8c2,25
49.174.48.46,cdff:10fb:1fc4:146b:c8a:6a60:9fc8:dfaf,23
211.97.53.111,94a2:60c1:e115:78bb:9e3d:628b:e60a:a9bb,34
167.127.58.152,9e0c:52d:c7ac:ea31:e5a4:454b:3565:5a51,71
245.173.115.183,efcd:b1ac:4fd:d323:e82d:104e:791c:a5de,22
189.215.29.93,9e81:dd9:d647:9b2a:c07c:1157:4858:70d9,93
244.214.45.228,b6f1:70da:c364:9e6c:189a:ceb7:b392:298a,71
191.206.169.79,61c7:c003:c6fd:fb11:7879:9481:430c:afc7,43
16.186.230.154,9282:17ae:146c:6a78:7869:9d2d:47b8:be91,94
153.62.17.217,d4cc:a7fb:9cbd:be4b:f506:978a:9a8b:854b,97
205.31.127.201,69e3:4619:d591:df12:6493:4377:97a4:4f46,98
7.81.55.83,a610:942d:be56:c47:f88e:964:59cb:8b2a,46
118.165.172.102,b10a:e6c7:24c9:15b3:35df:2ba0:5782:3d71,25
180.10.30.121,900f:d7ea:29e7:3c0c:25b8:e71c:f118:af93,96
195.79.194.185,4fad:5929:db34:1969:aa0e:54ce:687e:3623,37
194.35.92.55,fdb4:35a1:a95a:181a:19be:bfeb:4626:a97b,44
82.40.170.186,49e5:53b6:b446:68f2:6e87:5be7:1ffa:a23c,49
139.13.81.69,46f3:6f2a:9f67:c1f0:e78f:85f7:b793:42e4,2
57.164.215.123,d63d:51bc:ca48:4170:eae0:de5c:e4c9:d10d,77
193.236.220.36,34e5:ca7f:4153:43ad:1b05:e1e8:362c:ffc2,63
172.13.12.234,cf51:523e:c0b2:9bd3:b715:fefb:94b2:3d36,46
167.103.181.177,1181:313:7bf0:e69b:8cbe:b105:d0f3:d4aa,83
205.151.161.199,a8ce:8e38:9fed:53d:a583:38fe:cdb4:83a2,38
98.54.161.117,b204:953a:489f:2804:b023:ba42:f173:1aae,27
207.173.37.142,247b:f259:6881:258d:6097:8c06:7ceb:47f1,39
176.150.192.63,6d28:7fca:e19d:194e:5adb:ab92:78f8:4dcb,42
141.44.19.31,837:be35:630e:7276:4dff:393e:146f:f512,82
181.22.165.182,71f6:a6b5:ec73:e2ff:8c82:eab9:6375:17e6,66
55.19.85.22,7c45:5df9:d302:64c4:81c0:31a8:9472:8f1e,44
